CLASS,PERCENTAGE
no-mask,79.70764636993408
half-mask,83.56348276138306
with-mask,95.33861875534058
no-mask,96.17319107055664
